,numcta,amount,saldo,numcta2,resta
0,00280080571779,-900.0000000000,1128513.0000000000,00280080571779,00001129413.000
1,00256599283888,202.0000000000,4697713.0000000000,00256599283888,00004697511.000
